customer_id,total_transactions,fraud_cases,high_risk_txns,international_txns,suspicious_txns,total_amount,risk_score,risk_level
2096,2,2,2,1,1,7645.7699999999995,175,High
4944,3,3,0,2,0,3980.69,170,High
4459,3,2,1,2,1,8277.93,165,High
2376,2,2,1,2,1,6805.040000000001,165,High
4210,2,2,1,2,1,6321.72,165,High
1969,3,0,3,3,3,9926.07,165,High
4926,2,1,2,2,2,9614.380000000001,160,High
4322,2,1,2,2,2,8413.0,160,High
3799,3,1,2,2,1,8773.619999999999,135,High
3336,2,2,1,1,0,4060.1,130,High
4640,2,1,2,1,1,7480.98,125,High
4700,2,1,2,1,1,6923.84,125,High
1231,2,1,2,1,1,8234.32,125,High
2407,2,1,2,1,1,6626.47,125,High
2651,2,1,2,1,1,6957.370000000001,125,High
1602,2,1,1,2,1,6619.6900000000005,115,High
1135,2,1,1,2,1,6137.3099999999995,115,High
3985,2,1,1,2,1,6740.5,115,High
1149,2,1,1,2,1,5374.95,115,High
4683,2,1,1,2,1,6225.08,115,High
2996,2,1,1,2,1,5936.38,115,High
1048,2,1,1,2,1,6281.6900000000005,115,High
2295,2,2,0,1,0,4720.43,110,High
1362,2,0,2,2,2,7325.66,110,High
1071,2,0,2,2,2,7095.23,110,High
3199,2,0,2,2,2,9021.69,110,High
1366,1,1,1,1,1,3250.36,105,High
3815,1,1,1,1,1,4371.8,105,High
3987,1,1,1,1,1,4530.36,105,High
1227,1,1,1,1,1,3455.64,105,High
4223,1,1,1,1,1,4564.83,105,High
4201,1,1,1,1,1,4537.88,105,High
3853,1,1,1,1,1,4793.14,105,High
3741,1,1,1,1,1,3014.0,105,High
3489,1,1,1,1,1,3603.65,105,High
3592,1,1,1,1,1,4779.77,105,High
3623,1,1,1,1,1,3059.1,105,High
1177,1,1,1,1,1,3329.89,105,High
1186,1,1,1,1,1,3404.43,105,High
3063,1,1,1,1,1,3555.73,105,High
1623,1,1,1,1,1,4772.76,105,High
3926,2,1,1,1,1,5594.74,105,High
3918,1,1,1,1,1,4817.41,105,High
1410,1,1,1,1,1,4477.06,105,High
4097,1,1,1,1,1,3192.55,105,High
4208,1,1,1,1,1,3139.6,105,High
4540,2,1,1,1,1,6116.21,105,High
1207,1,1,1,1,1,3984.27,105,High
4620,1,1,1,1,1,4260.07,105,High
4713,1,1,1,1,1,3058.15,105,High
4692,1,1,1,1,1,4549.74,105,High
4887,1,1,1,1,1,3570.8,105,High
1215,1,1,1,1,1,4828.1,105,High
2993,1,1,1,1,1,4681.28,105,High
2961,1,1,1,1,1,3007.7,105,High
2943,1,1,1,1,1,4512.28,105,High
1745,1,1,1,1,1,4634.38,105,High
1680,1,1,1,1,1,4946.48,105,High
2848,1,1,1,1,1,3874.8,105,High
2852,1,1,1,1,1,3392.65,105,High
3027,1,1,1,1,1,4924.78,105,High
2300,1,1,1,1,1,4528.05,105,High
1975,1,1,1,1,1,3813.53,105,High
1800,1,1,1,1,1,3920.49,105,High
1751,1,1,1,1,1,3605.36,105,High
2810,1,1,1,1,1,3055.22,105,High
1824,1,1,1,1,1,3116.62,105,High
2782,1,1,1,1,1,4077.1,105,High
2813,2,1,1,1,1,6077.53,105,High
3302,1,1,1,1,1,4934.11,105,High
3356,1,1,1,1,1,4033.21,105,High
2268,1,1,1,1,1,3242.52,105,High
2172,1,1,1,1,1,3259.55,105,High
1930,1,1,1,1,1,4937.51,105,High
1006,1,1,1,1,1,4602.54,105,High
1026,1,1,1,1,1,4993.84,105,High
2078,2,1,1,1,1,4289.83,105,High
2165,1,1,1,1,1,4848.24,105,High
2111,1,1,1,1,1,4811.5,105,High
2644,1,1,1,1,1,4282.22,105,High
2315,1,1,1,1,1,4528.78,105,High
1842,1,1,1,1,1,4829.04,105,High
1553,3,0,2,2,1,10507.56,85,Medium
2800,3,1,0,3,0,6146.860000000001,80,Medium
2296,2,1,1,1,0,6183.52,80,Medium
3568,2,0,2,1,1,7733.1,75,Medium
2218,2,0,2,1,1,8852.17,75,Medium
4227,2,0,2,1,1,6899.52,75,Medium
3845,2,0,2,1,1,7812.37,75,Medium
1168,2,0,2,1,1,7279.469999999999,75,Medium
3470,1,1,1,0,0,3456.61,70,Medium
2747,1,1,1,0,0,3322.19,70,Medium
3275,1,1,1,0,0,3150.91,70,Medium
2247,2,1,0,2,0,3568.41,70,Medium
2242,2,1,0,2,0,4673.65,70,Medium
2506,1,1,1,0,0,4451.68,70,Medium
4907,1,1,1,0,0,3810.32,70,Medium
2134,1,1,1,0,0,4414.27,70,Medium
1592,2,1,0,2,0,2795.92,70,Medium
2919,1,1,1,0,0,4203.21,70,Medium
1686,1,1,1,0,0,4919.33,70,Medium
2161,2,1,0,2,0,4027.7799999999997,70,Medium
1473,2,1,0,2,0,2483.7200000000003,70,Medium
1289,1,1,1,0,0,3817.14,70,Medium
4236,2,1,0,2,0,2527.96,70,Medium
1587,1,1,1,0,0,3953.69,70,Medium
1819,1,1,1,0,0,3800.25,70,Medium
4172,1,1,1,0,0,3909.9,70,Medium
4176,1,1,1,0,0,3110.59,70,Medium
4347,1,1,1,0,0,4971.92,70,Medium
4348,2,1,1,0,0,6212.4,70,Medium
4762,2,1,0,2,0,4195.799999999999,70,Medium
4353,1,1,1,0,0,4956.05,70,Medium
1367,1,1,1,0,0,3986.25,70,Medium
3808,2,1,0,2,0,3117.77,70,Medium
4698,1,1,1,0,0,3060.62,70,Medium
4937,1,1,1,0,0,3790.03,70,Medium
2046,2,0,1,2,1,4265.7699999999995,65,Medium
2069,2,0,1,2,1,4569.63,65,Medium
1855,2,0,1,2,1,5847.5599999999995,65,Medium
1872,2,0,1,2,1,4751.74,65,Medium
2584,2,0,1,2,1,5981.67,65,Medium
4258,2,0,1,2,1,4401.219999999999,65,Medium
4407,2,0,1,2,1,4577.35,65,Medium
4765,2,0,1,2,1,4247.530000000001,65,Medium
3871,2,0,1,2,1,5877.6,65,Medium
3668,2,0,1,2,1,6238.96,65,Medium
3682,2,0,1,2,1,6884.86,65,Medium
3788,2,0,1,2,1,3481.7200000000003,65,Medium
3152,2,0,1,2,1,6980.48,65,Medium
3354,2,0,1,2,1,5351.370000000001,65,Medium
2713,2,0,1,2,1,7367.610000000001,65,Medium
1624,2,0,1,2,1,6594.46,65,Medium
4054,1,1,0,1,0,1958.6,60,Medium
4078,1,1,0,1,0,2917.67,60,Medium
4199,1,1,0,1,0,749.46,60,Medium
1261,1,1,0,1,0,1884.78,60,Medium
1299,2,1,0,1,0,3403.54,60,Medium
3514,1,1,0,1,0,725.46,60,Medium
3650,1,1,0,1,0,1877.02,60,Medium
1474,2,1,0,1,0,3928.9399999999996,60,Medium
3643,1,1,0,1,0,1080.96,60,Medium
3609,1,1,0,1,0,94.12,60,Medium
3761,2,1,0,1,0,3902.75,60,Medium
3680,1,1,0,1,0,2893.49,60,Medium
3869,1,1,0,1,0,1286.46,60,Medium
3806,1,1,0,1,0,2334.77,60,Medium
4018,1,1,0,1,0,1542.93,60,Medium
1387,1,1,0,1,0,2341.83,60,Medium
4479,1,1,0,1,0,2131.48,60,Medium
4480,1,1,0,1,0,2084.71,60,Medium
4487,2,1,0,1,0,4285.29,60,Medium
4493,1,1,0,1,0,2464.31,60,Medium
4498,1,1,0,1,0,717.38,60,Medium
4562,2,1,0,1,0,3045.8999999999996,60,Medium
4570,1,1,0,1,0,1981.95,60,Medium
4639,1,1,0,1,0,1500.22,60,Medium
4879,1,1,0,1,0,1576.83,60,Medium
4652,1,1,0,1,0,2578.49,60,Medium
4656,1,1,0,1,0,908.84,60,Medium
4674,1,1,0,1,0,1673.37,60,Medium
4695,1,1,0,1,0,1771.92,60,Medium
1115,1,1,0,1,0,1789.34,60,Medium
4775,1,1,0,1,0,1489.72,60,Medium
4874,1,1,0,1,0,673.5,60,Medium
4634,1,1,0,1,0,2919.62,60,Medium
1126,1,1,0,1,0,1238.23,60,Medium
1144,1,1,0,1,0,1791.91,60,Medium
4457,1,1,0,1,0,2560.84,60,Medium
4584,2,1,0,1,0,1626.5800000000002,60,Medium
1300,1,1,0,1,0,56.48,60,Medium
4232,1,1,0,1,0,1881.51,60,Medium
4158,1,1,0,1,0,1185.03,60,Medium
4168,1,1,0,1,0,2004.86,60,Medium
3995,1,1,0,1,0,1232.88,60,Medium
4108,1,1,0,1,0,518.14,60,Medium
4135,1,1,0,1,0,2201.28,60,Medium
1191,1,1,0,1,0,156.2,60,Medium
4337,1,1,0,1,0,1052.9,60,Medium
4289,1,1,0,1,0,1693.53,60,Medium
4249,1,1,0,1,0,105.08,60,Medium
1582,1,1,0,1,0,1365.59,60,Medium
3456,1,1,0,1,0,1735.77,60,Medium
3474,1,1,0,1,0,1748.06,60,Medium
3484,1,1,0,1,0,541.31,60,Medium
3549,1,1,0,1,0,2075.09,60,Medium
1825,1,1,0,1,0,543.59,60,Medium
2681,1,1,0,1,0,2221.48,60,Medium
2755,1,1,0,1,0,516.05,60,Medium
2932,1,1,0,1,0,2688.72,60,Medium
2982,1,1,0,1,0,2738.49,60,Medium
1715,1,1,0,1,0,2039.65,60,Medium
1659,1,1,0,1,0,2523.64,60,Medium
1657,1,1,0,1,0,897.53,60,Medium
1765,1,1,0,1,0,1200.0,60,Medium
2881,1,1,0,1,0,632.19,60,Medium
2817,1,1,0,1,0,277.79,60,Medium
3217,1,1,0,1,0,2810.67,60,Medium
3254,1,1,0,1,0,791.33,60,Medium
3291,1,1,0,1,0,2010.46,60,Medium
1561,1,1,0,1,0,2616.37,60,Medium
3454,1,1,0,1,0,327.54,60,Medium
3449,1,1,0,1,0,1460.54,60,Medium
3430,1,1,0,1,0,1281.2,60,Medium
3384,1,1,0,1,0,2899.44,60,Medium
1551,1,1,0,1,0,2121.21,60,Medium
3180,1,1,0,1,0,2150.81,60,Medium
3192,2,1,0,1,0,5179.79,60,Medium
3184,1,1,0,1,0,1225.46,60,Medium
3071,1,1,0,1,0,893.97,60,Medium
3084,1,1,0,1,0,1792.92,60,Medium
3053,1,1,0,1,0,1463.15,60,Medium
3002,1,1,0,1,0,162.45,60,Medium
1878,1,1,0,1,0,1492.7,60,Medium
1886,1,1,0,1,0,2024.36,60,Medium
2312,1,1,0,1,0,2589.29,60,Medium
2332,1,1,0,1,0,2615.06,60,Medium
1915,1,1,0,1,0,1092.49,60,Medium
1910,1,1,0,1,0,954.41,60,Medium
2361,1,1,0,1,0,1334.05,60,Medium
2352,1,1,0,1,0,2846.77,60,Medium
1926,1,1,0,1,0,517.92,60,Medium
2570,1,1,0,1,0,343.23,60,Medium
2534,1,1,0,1,0,593.31,60,Medium
2551,1,1,0,1,0,1271.14,60,Medium
2514,1,1,0,1,0,998.88,60,Medium
2509,1,1,0,1,0,188.11,60,Medium
2475,1,1,0,1,0,1792.52,60,Medium
2463,1,1,0,1,0,2526.31,60,Medium
2642,2,1,0,1,0,1759.17,60,Medium
2577,1,1,0,1,0,1813.21,60,Medium
2330,1,1,0,1,0,2437.14,60,Medium
2326,1,1,0,1,0,2454.69,60,Medium
2252,1,1,0,1,0,1764.53,60,Medium
2290,1,1,0,1,0,1511.6,60,Medium
2239,1,1,0,1,0,1914.4,60,Medium
2185,1,1,0,1,0,1115.81,60,Medium
2166,1,1,0,1,0,1188.68,60,Medium
2193,1,1,0,1,0,2938.9,60,Medium
2189,1,1,0,1,0,1796.29,60,Medium
2153,1,1,0,1,0,133.25,60,Medium
2118,1,1,0,1,0,998.97,60,Medium
2062,1,1,0,1,0,2523.62,60,Medium
4934,1,1,0,1,0,2543.96,60,Medium
4913,1,1,0,1,0,986.08,60,Medium
4984,1,0,1,1,1,3826.63,55,Medium
4972,1,0,1,1,1,4650.07,55,Medium
4964,1,0,1,1,1,4617.36,55,Medium
1029,1,0,1,1,1,3706.04,55,Medium
4795,1,0,1,1,1,4855.37,55,Medium
1120,1,0,1,1,1,4185.05,55,Medium
1106,1,0,1,1,1,3141.39,55,Medium
1104,1,0,1,1,1,3794.82,55,Medium
1096,2,0,1,1,1,5404.46,55,Medium
2084,1,0,1,1,1,4069.65,55,Medium
4936,1,0,1,1,1,3979.95,55,Medium
4928,1,0,1,1,1,3871.1,55,Medium
4922,1,0,1,1,1,3824.57,55,Medium
1079,1,0,1,1,1,3287.82,55,Medium
4792,1,0,1,1,1,4577.57,55,Medium
4790,1,0,1,1,1,3116.27,55,Medium
4755,1,0,1,1,1,3379.05,55,Medium
4752,1,0,1,1,1,3677.21,55,Medium
4750,1,0,1,1,1,3356.38,55,Medium
4746,1,0,1,1,1,3234.97,55,Medium
4745,1,0,1,1,1,4021.58,55,Medium
4738,1,0,1,1,1,4985.75,55,Medium
4708,1,0,1,1,1,3861.34,55,Medium
4667,1,0,1,1,1,4701.43,55,Medium
4666,1,0,1,1,1,3507.03,55,Medium
2057,1,0,1,1,1,4252.2,55,Medium
2044,1,0,1,1,1,3053.61,55,Medium
2042,1,0,1,1,1,3127.78,55,Medium
2151,1,0,1,1,1,4069.66,55,Medium
4641,1,0,1,1,1,3311.09,55,Medium
1164,1,0,1,1,1,4102.57,55,Medium
1152,1,0,1,1,1,4355.82,55,Medium
1133,1,0,1,1,1,3031.85,55,Medium
4626,1,0,1,1,1,3098.08,55,Medium
4622,1,0,1,1,1,3949.58,55,Medium
4609,1,0,1,1,1,3091.51,55,Medium
4591,1,0,1,1,1,4642.15,55,Medium
4585,1,0,1,1,1,4975.23,55,Medium
4577,1,0,1,1,1,3227.62,55,Medium
4576,1,0,1,1,1,3659.39,55,Medium
2255,1,0,1,1,1,3548.76,55,Medium
2240,1,0,1,1,1,4319.08,55,Medium
2207,1,0,1,1,1,3787.07,55,Medium
2194,1,0,1,1,1,3704.42,55,Medium
2186,1,0,1,1,1,3744.95,55,Medium
4563,1,0,1,1,1,3033.39,55,Medium
4557,1,0,1,1,1,4997.49,55,Medium
4514,1,0,1,1,1,4107.5,55,Medium
4452,1,0,1,1,1,4978.38,55,Medium
1188,1,0,1,1,1,4359.83,55,Medium
1187,1,0,1,1,1,4228.64,55,Medium
4412,1,0,1,1,1,4589.2,55,Medium
4396,1,0,1,1,1,3677.44,55,Medium
4377,1,0,1,1,1,3127.42,55,Medium
4375,1,0,1,1,1,4803.31,55,Medium
4329,1,0,1,1,1,4131.36,55,Medium
2006,1,0,1,1,1,4963.54,55,Medium
1988,1,0,1,1,1,3928.27,55,Medium
4260,1,0,1,1,1,4302.44,55,Medium
4238,1,0,1,1,1,4817.19,55,Medium
4235,1,0,1,1,1,3922.38,55,Medium
4233,2,0,1,1,1,4247.33,55,Medium
4229,1,0,1,1,1,4517.45,55,Medium
1283,1,0,1,1,1,4502.83,55,Medium
1247,1,0,1,1,1,4985.25,55,Medium
1241,1,0,1,1,1,4519.24,55,Medium
1348,1,0,1,1,1,3242.79,55,Medium
1336,1,0,1,1,1,4863.83,55,Medium
1326,1,0,1,1,1,3044.92,55,Medium
1312,1,0,1,1,1,3792.58,55,Medium
1307,1,0,1,1,1,3212.41,55,Medium
2336,1,0,1,1,1,3493.84,55,Medium
2320,1,0,1,1,1,3626.17,55,Medium
2281,1,0,1,1,1,3776.23,55,Medium
2274,1,0,1,1,1,4136.25,55,Medium
4149,1,0,1,1,1,4302.52,55,Medium
4123,1,0,1,1,1,4184.58,55,Medium
4111,1,0,1,1,1,3886.78,55,Medium
4096,1,0,1,1,1,3539.72,55,Medium
4074,1,0,1,1,1,4165.01,55,Medium
4069,1,0,1,1,1,3128.99,55,Medium
4023,1,0,1,1,1,4396.43,55,Medium
4017,1,0,1,1,1,4691.37,55,Medium
4012,1,0,1,1,1,4500.62,55,Medium
3959,1,0,1,1,1,4563.97,55,Medium
3929,1,0,1,1,1,4602.0,55,Medium
2405,1,0,1,1,1,4382.23,55,Medium
1956,1,0,1,1,1,4246.04,55,Medium
1925,1,0,1,1,1,3405.79,55,Medium
1906,1,0,1,1,1,3571.44,55,Medium
1904,1,0,1,1,1,3188.91,55,Medium
1896,1,0,1,1,1,3105.13,55,Medium
2394,1,0,1,1,1,4751.45,55,Medium
3900,1,0,1,1,1,4633.01,55,Medium
1431,1,0,1,1,1,4974.69,55,Medium
1417,1,0,1,1,1,4962.52,55,Medium
1388,1,0,1,1,1,4924.06,55,Medium
1382,1,0,1,1,1,3924.54,55,Medium
1380,1,0,1,1,1,3910.2,55,Medium
3889,1,0,1,1,1,4130.89,55,Medium
3888,1,0,1,1,1,4045.93,55,Medium
3870,1,0,1,1,1,4394.98,55,Medium
3859,1,0,1,1,1,3218.38,55,Medium
3850,1,0,1,1,1,3815.27,55,Medium
2546,1,0,1,1,1,3657.08,55,Medium
2540,1,0,1,1,1,4537.9,55,Medium
2535,1,0,1,1,1,3665.91,55,Medium
2528,1,0,1,1,1,4832.81,55,Medium
2524,1,0,1,1,1,3495.89,55,Medium
2447,1,0,1,1,1,3176.68,55,Medium
3805,1,0,1,1,1,3393.4,55,Medium
3798,1,0,1,1,1,4098.34,55,Medium
3784,1,0,1,1,1,3324.38,55,Medium
3783,2,0,1,1,1,7480.880000000001,55,Medium
3772,1,0,1,1,1,4959.3,55,Medium
3750,1,0,1,1,1,3044.45,55,Medium
3748,1,0,1,1,1,4830.54,55,Medium
3700,1,0,1,1,1,4419.07,55,Medium
3686,1,0,1,1,1,3401.68,55,Medium
3607,1,0,1,1,1,3196.72,55,Medium
2629,1,0,1,1,1,4992.39,55,Medium
2588,1,0,1,1,1,4701.04,55,Medium
2561,1,0,1,1,1,4321.91,55,Medium
1490,1,0,1,1,1,3408.61,55,Medium
1444,1,0,1,1,1,4641.39,55,Medium
3589,1,0,1,1,1,3900.69,55,Medium
3584,1,0,1,1,1,3198.99,55,Medium
3579,1,0,1,1,1,4394.15,55,Medium
3578,1,0,1,1,1,4690.02,55,Medium
3565,1,0,1,1,1,4580.14,55,Medium
3532,1,0,1,1,1,3259.25,55,Medium
3528,1,0,1,1,1,4846.74,55,Medium
3526,1,0,1,1,1,3860.61,55,Medium
3510,1,0,1,1,1,4844.01,55,Medium
3507,1,0,1,1,1,3698.55,55,Medium
2695,1,0,1,1,1,4568.22,55,Medium
2677,1,0,1,1,1,4508.39,55,Medium
2661,1,0,1,1,1,3261.84,55,Medium
1885,1,0,1,1,1,4685.45,55,Medium
1856,1,0,1,1,1,4129.51,55,Medium
3499,1,0,1,1,1,3750.05,55,Medium
3473,1,0,1,1,1,3316.93,55,Medium
1562,1,0,1,1,1,3076.36,55,Medium
1557,1,0,1,1,1,3731.9,55,Medium
1549,1,0,1,1,1,4702.35,55,Medium
1523,1,0,1,1,1,4110.24,55,Medium
1518,1,0,1,1,1,3908.92,55,Medium
3455,1,0,1,1,1,3115.34,55,Medium
3395,1,0,1,1,1,3070.6,55,Medium
3388,1,0,1,1,1,3360.62,55,Medium
2772,1,0,1,1,1,4159.05,55,Medium
2736,1,0,1,1,1,3945.98,55,Medium
2730,1,0,1,1,1,4708.84,55,Medium
2719,1,0,1,1,1,4479.47,55,Medium
3306,1,0,1,1,1,3907.2,55,Medium
3263,1,0,1,1,1,4079.13,55,Medium
3259,2,0,1,1,1,6704.120000000001,55,Medium
3202,1,0,1,1,1,4180.36,55,Medium
1647,1,0,1,1,1,4791.07,55,Medium
1635,2,0,1,1,1,4947.68,55,Medium
1598,1,0,1,1,1,4376.51,55,Medium
1597,1,0,1,1,1,3962.79,55,Medium
3189,1,0,1,1,1,3554.56,55,Medium
3135,1,0,1,1,1,4387.97,55,Medium
3125,1,0,1,1,1,3563.39,55,Medium
3114,1,0,1,1,1,3986.58,55,Medium
3113,1,0,1,1,1,4927.9,55,Medium
3098,1,0,1,1,1,3331.15,55,Medium
1813,1,0,1,1,1,3773.44,55,Medium
1783,1,0,1,1,1,3400.32,55,Medium
1769,1,0,1,1,1,3811.38,55,Medium
2801,1,0,1,1,1,3384.11,55,Medium
3095,1,0,1,1,1,4069.22,55,Medium
3061,1,0,1,1,1,3837.72,55,Medium
3017,1,0,1,1,1,4296.48,55,Medium
2979,1,0,1,1,1,4760.41,55,Medium
2974,1,0,1,1,1,4422.76,55,Medium
2971,1,0,1,1,1,4089.73,55,Medium
2965,1,0,1,1,1,3773.15,55,Medium
2946,1,0,1,1,1,4064.13,55,Medium
1729,1,0,1,1,1,3056.77,55,Medium
1693,1,0,1,1,1,4475.6,55,Medium
2907,1,0,1,1,1,3369.89,55,Medium
2900,1,0,1,1,1,3053.9,55,Medium
2870,1,0,1,1,1,4880.01,55,Medium
2860,2,0,1,1,1,6446.0,55,Medium
2842,1,0,1,1,1,3633.22,55,Medium
4946,1,0,1,1,1,4716.88,55,Medium
4873,1,0,1,1,1,3677.73,55,Medium
4826,1,0,1,1,1,3693.11,55,Medium
4891,1,0,1,1,1,3990.47,55,Medium
1057,1,0,1,1,1,4495.62,55,Medium
1045,1,0,1,1,1,4936.88,55,Medium
3226,1,1,0,0,0,1403.07,50,Medium
1763,1,1,0,0,0,2712.69,50,Medium
2445,2,1,0,0,0,2269.66,50,Medium
3067,1,1,0,0,0,1661.81,50,Medium
2978,1,1,0,0,0,2742.22,50,Medium
2830,1,1,0,0,0,2223.34,50,Medium
1013,1,1,0,0,0,15.3,50,Medium
3720,1,1,0,0,0,760.79,50,Medium
3527,1,1,0,0,0,866.73,50,Medium
2655,1,1,0,0,0,1212.88,50,Medium
1467,1,1,0,0,0,1120.87,50,Medium
3352,1,1,0,0,0,1004.07,50,Medium
2060,1,1,0,0,0,2297.19,50,Medium
1212,1,1,0,0,0,2644.69,50,Medium
1089,1,1,0,0,0,2329.72,50,Medium
2346,1,1,0,0,0,440.84,50,Medium
1264,1,1,0,0,0,1087.07,50,Medium
1248,1,1,0,0,0,979.42,50,Medium
1514,1,1,0,0,0,1318.81,50,Medium
4308,2,0,2,0,0,8235.82,40,Low
2709,2,0,2,0,0,8294.42,40,Low
2467,2,0,1,1,0,5310.51,30,Low
3538,2,0,1,1,0,6515.6,30,Low
4383,2,0,1,1,0,5906.610000000001,30,Low
1992,2,0,1,1,0,5254.36,30,Low
3962,2,0,1,1,0,4498.96,30,Low
1409,2,0,0,2,0,1554.25,20,Low
2164,1,0,1,0,0,4357.36,20,Low
3266,1,0,1,0,0,4676.79,20,Low
1648,1,0,1,0,0,4688.13,20,Low
1627,1,0,1,0,0,4542.76,20,Low
1401,1,0,1,0,0,3220.99,20,Low
1373,1,0,1,0,0,3901.5,20,Low
3138,1,0,1,0,0,4478.3,20,Low
3880,2,0,0,2,0,1780.24,20,Low
1818,1,0,1,0,0,3789.78,20,Low
1750,1,0,1,0,0,3762.44,20,Low
3046,2,0,0,2,0,2714.85,20,Low
4963,1,0,1,0,0,4989.59,20,Low
1004,1,0,1,0,0,4863.65,20,Low
4870,1,0,1,0,0,3882.11,20,Low
1677,1,0,1,0,0,4797.78,20,Low
1660,1,0,1,0,0,4394.38,20,Low
1653,1,0,1,0,0,4702.16,20,Low
4594,2,0,0,2,0,1951.75,20,Low
4930,1,0,1,0,0,3115.56,20,Low
3765,1,0,1,0,0,4558.83,20,Low
2850,1,0,1,0,0,4788.77,20,Low
2129,1,0,1,0,0,4650.28,20,Low
1052,2,0,0,2,0,3836.02,20,Low
3513,1,0,1,0,0,3680.85,20,Low
2658,1,0,1,0,0,3773.28,20,Low
2594,1,0,1,0,0,3725.12,20,Low
1484,1,0,1,0,0,3181.64,20,Low
4841,1,0,1,0,0,4909.6,20,Low
1848,1,0,1,0,0,3674.85,20,Low
1846,1,0,1,0,0,3540.14,20,Low
4818,1,0,1,0,0,3717.17,20,Low
3461,1,0,1,0,0,4907.44,20,Low
2104,1,0,1,0,0,4852.06,20,Low
1178,1,0,1,0,0,3412.71,20,Low
4389,1,0,1,0,0,3898.3,20,Low
4328,1,0,1,0,0,3282.3,20,Low
4313,1,0,1,0,0,4855.98,20,Low
3559,1,0,1,0,0,4976.65,20,Low
2026,1,0,1,0,0,4048.97,20,Low
4454,1,0,1,0,0,4502.9,20,Low
2039,1,0,1,0,0,3738.81,20,Low
2001,1,0,1,0,0,4187.95,20,Low
1997,1,0,1,0,0,4915.02,20,Low
1973,1,0,1,0,0,3713.44,20,Low
2388,1,0,1,0,0,4726.97,20,Low
2347,1,0,1,0,0,4316.11,20,Low
4265,1,0,1,0,0,4703.02,20,Low
1867,1,0,1,0,0,3975.32,20,Low
2310,1,0,1,0,0,4244.04,20,Low
1850,1,0,1,0,0,4223.09,20,Low
3443,1,0,1,0,0,3499.09,20,Low
4157,1,0,1,0,0,3723.64,20,Low
1311,2,0,0,2,0,918.1400000000001,20,Low
3397,2,0,0,2,0,1211.77,20,Low
4048,1,0,1,0,0,4821.82,20,Low
3975,2,0,0,2,0,4058.7,20,Low
3365,1,0,1,0,0,3541.67,20,Low
1429,1,0,1,0,0,3845.21,20,Low
3361,1,0,1,0,0,4408.15,20,Low
2066,1,0,1,0,0,3736.61,20,Low
2707,1,0,1,0,0,3322.5,20,Low
1423,1,0,1,0,0,4848.43,20,Low
1496,1,0,0,1,0,1082.15,10,Low
4464,1,0,0,1,0,2758.59,10,Low
1309,1,0,0,1,0,2309.99,10,Low
4804,1,0,0,1,0,2110.57,10,Low
4608,1,0,0,1,0,1769.99,10,Low
4219,1,0,0,1,0,2173.35,10,Low
3794,1,0,0,1,0,2408.5,10,Low
4469,2,0,0,1,0,3626.5,10,Low
3295,1,0,0,1,0,1357.09,10,Low
4793,1,0,0,1,0,2943.8,10,Low
3335,1,0,0,1,0,795.26,10,Low
4298,1,0,0,1,0,1092.52,10,Low
4863,1,0,0,1,0,1967.99,10,Low
4588,1,0,0,1,0,2836.28,10,Low
2721,1,0,0,1,0,2915.65,10,Low
4837,1,0,0,1,0,687.11,10,Low
2751,1,0,0,1,0,426.04,10,Low
4447,1,0,0,1,0,1729.35,10,Low
2760,1,0,0,1,0,152.55,10,Low
4300,1,0,0,1,0,81.39,10,Low
1618,1,0,0,1,0,2074.77,10,Low
4725,1,0,0,1,0,1366.15,10,Low
2061,1,0,0,1,0,960.35,10,Low
2548,1,0,0,1,0,2740.73,10,Low
2071,1,0,0,1,0,460.25,10,Low
2160,1,0,0,1,0,2736.95,10,Low
2775,1,0,0,1,0,2417.49,10,Low
4303,1,0,0,1,0,1286.87,10,Low
1463,1,0,0,1,0,136.83,10,Low
1098,1,0,0,1,0,2977.96,10,Low
3376,1,0,0,1,0,1603.19,10,Low
2329,1,0,0,1,0,796.99,10,Low
4534,1,0,0,1,0,2211.34,10,Low
3277,1,0,0,1,0,308.61,10,Low
3432,1,0,0,1,0,925.21,10,Low
1254,1,0,0,1,0,2142.29,10,Low
4565,1,0,0,1,0,1350.98,10,Low
2465,1,0,0,1,0,1556.47,10,Low
1584,1,0,0,1,0,2155.12,10,Low
3767,1,0,0,1,0,1871.43,10,Low
1871,2,0,0,1,0,2881.72,10,Low
1408,1,0,0,1,0,2745.94,10,Low
1129,1,0,0,1,0,1859.02,10,Low
1982,2,0,0,1,0,3217.54,10,Low
1143,1,0,0,1,0,1933.76,10,Low
4293,1,0,0,1,0,2228.87,10,Low
1161,1,0,0,1,0,324.25,10,Low
3874,1,0,0,1,0,2375.34,10,Low
4637,1,0,0,1,0,1939.55,10,Low
2323,1,0,0,1,0,2414.02,10,Low
1987,1,0,0,1,0,1905.19,10,Low
4404,1,0,0,1,0,1286.87,10,Low
2058,1,0,0,1,0,718.1,10,Low
2224,1,0,0,1,0,1136.68,10,Low
4101,1,0,0,1,0,2576.35,10,Low
3841,1,0,0,1,0,722.46,10,Low
3576,1,0,0,1,0,2061.33,10,Low
2316,1,0,0,1,0,1640.26,10,Low
1452,1,0,0,1,0,1367.88,10,Low
1991,1,0,0,1,0,1891.8,10,Low
1519,1,0,0,1,0,2062.36,10,Low
2806,1,0,0,1,0,2644.5,10,Low
1559,1,0,0,1,0,2697.07,10,Low
3789,1,0,0,1,0,2334.9,10,Low
4160,1,0,0,1,0,2754.94,10,Low
4731,1,0,0,1,0,802.87,10,Low
3485,1,0,0,1,0,1503.13,10,Low
4432,1,0,0,1,0,1895.29,10,Low
1999,1,0,0,1,0,2966.8,10,Low
1419,1,0,0,1,0,119.58,10,Low
3908,1,0,0,1,0,961.32,10,Low
4191,1,0,0,1,0,1181.39,10,Low
2556,1,0,0,1,0,1517.45,10,Low
2270,1,0,0,1,0,2388.17,10,Low
3921,1,0,0,1,0,1339.64,10,Low
4211,1,0,0,1,0,2080.5,10,Low
2598,1,0,0,1,0,1418.7,10,Low
4037,1,0,0,1,0,2146.28,10,Low
1899,1,0,0,1,0,1194.09,10,Low
4297,1,0,0,1,0,1067.74,10,Low
2668,1,0,0,1,0,50.57,10,Low
4911,1,0,0,1,0,660.05,10,Low
4131,1,0,0,1,0,1390.44,10,Low
1063,1,0,0,1,0,178.22,10,Low
4215,1,0,0,1,0,2378.9,10,Low
1088,1,0,0,1,0,251.59,10,Low
2632,1,0,0,1,0,1617.52,10,Low
2476,1,0,0,1,0,2211.29,10,Low
3605,1,0,0,1,0,1201.22,10,Low
4026,1,0,0,1,0,561.17,10,Low
1179,1,0,0,1,0,2755.1,10,Low
2527,1,0,0,1,0,1821.08,10,Low
4807,1,0,0,1,0,1511.06,10,Low
2785,1,0,0,1,0,2545.58,10,Low
2827,1,0,0,1,0,570.25,10,Low
1239,1,0,0,1,0,2152.36,10,Low
2878,1,0,0,1,0,590.54,10,Low
4433,1,0,0,1,0,566.77,10,Low
4791,1,0,0,1,0,2006.5,10,Low
2221,1,0,0,1,0,2841.54,10,Low
4931,1,0,0,1,0,1013.22,10,Low
1811,1,0,0,1,0,1552.32,10,Low
1287,1,0,0,1,0,379.35,10,Low
1030,1,0,0,1,0,2772.23,10,Low
1676,1,0,0,1,0,2487.72,10,Low
4961,1,0,0,1,0,2342.81,10,Low
4938,1,0,0,1,0,2322.09,10,Low
3998,1,0,0,1,0,621.21,10,Low
3771,1,0,0,1,0,611.73,10,Low
3008,1,0,0,1,0,1056.01,10,Low
3032,1,0,0,1,0,1316.17,10,Low
4024,1,0,0,1,0,963.69,10,Low
3070,1,0,0,1,0,2356.62,10,Low
4250,1,0,0,1,0,1162.29,10,Low
2437,1,0,0,1,0,2876.4,10,Low
4261,1,0,0,1,0,1659.23,10,Low
2882,1,0,0,1,0,2678.81,10,Low
3768,1,0,0,1,0,1699.27,10,Low
4751,1,0,0,1,0,2777.26,10,Low
3837,1,0,0,1,0,1042.3,10,Low
1834,1,0,0,1,0,1453.18,10,Low
4273,1,0,0,1,0,126.38,10,Low
3124,1,0,0,1,0,2079.47,10,Low
1667,1,0,0,1,0,415.51,10,Low
3195,1,0,0,1,0,1158.15,10,Low
3766,1,0,0,1,0,328.09,10,Low
3220,1,0,0,1,0,2789.27,10,Low
2327,1,0,0,1,0,2583.71,10,Low
2248,1,0,0,1,0,2154.25,10,Low
4309,1,0,0,1,0,1396.61,10,Low
2152,1,0,0,1,0,2839.93,10,Low
2341,1,0,0,1,0,703.39,10,Low
4686,1,0,0,1,0,1276.39,10,Low
3281,1,0,0,1,0,1750.57,10,Low
4763,1,0,0,1,0,2977.9,10,Low
3349,1,0,0,1,0,1310.82,10,Low
3738,2,0,0,1,0,3604.96,10,Low
2743,1,0,0,1,0,1177.52,10,Low
4482,1,0,0,1,0,1347.32,10,Low
1604,1,0,0,1,0,1184.43,10,Low
4771,1,0,0,1,0,917.94,10,Low
1099,1,0,0,1,0,2783.28,10,Low
4499,1,0,0,1,0,2122.43,10,Low
4500,1,0,0,1,0,2342.6,10,Low
4567,1,0,0,1,0,410.51,10,Low
3382,1,0,0,1,0,1815.61,10,Low
3255,1,0,0,1,0,1648.53,10,Low
3436,1,0,0,1,0,1477.18,10,Low
4684,1,0,0,1,0,912.05,10,Low
2272,1,0,0,1,0,1557.35,10,Low
2182,1,0,0,1,0,2306.49,10,Low
1140,1,0,0,1,0,2947.22,10,Low
3157,1,0,0,1,0,2550.37,10,Low
1167,1,0,0,1,0,2256.35,10,Low
1327,1,0,0,1,0,881.74,10,Low
2045,1,0,0,1,0,27.41,10,Low
4614,1,0,0,1,0,1584.32,10,Low
3572,1,0,0,1,0,1595.54,10,Low
1357,1,0,0,1,0,113.66,10,Low
1460,1,0,0,1,0,414.69,10,Low
4754,1,0,0,1,0,303.15,10,Low
1571,1,0,0,1,0,2950.7,10,Low
2889,1,0,0,1,0,2236.03,10,Low
1105,1,0,0,1,0,1416.47,10,Low
4798,1,0,0,1,0,1851.84,10,Low
2554,1,0,0,1,0,1372.0,10,Low
3920,1,0,0,1,0,1856.3,10,Low
2596,1,0,0,1,0,2773.0,10,Low
2004,1,0,0,1,0,455.69,10,Low
4115,1,0,0,1,0,1057.31,10,Low
1933,1,0,0,1,0,137.93,10,Low
1944,1,0,0,1,0,1874.0,10,Low
2798,1,0,0,1,0,2133.61,10,Low
2652,1,0,0,1,0,1556.93,10,Low
4136,1,0,0,1,0,107.7,10,Low
4442,1,0,0,1,0,2104.0,10,Low
1303,1,0,0,1,0,832.95,10,Low
2206,1,0,0,1,0,2695.84,10,Low
2128,1,0,0,1,0,1072.3,10,Low
1083,1,0,0,1,0,1226.47,10,Low
2099,1,0,0,1,0,1245.82,10,Low
1663,1,0,0,1,0,2531.16,10,Low
2419,1,0,0,1,0,2512.43,10,Low
4947,1,0,0,1,0,893.05,10,Low
4450,1,0,0,1,0,859.27,10,Low
3066,1,0,0,1,0,1489.36,10,Low
3814,2,0,0,1,0,1197.5,10,Low
1798,1,0,0,1,0,527.6,10,Low
1175,1,0,0,1,0,2199.21,10,Low
4758,1,0,0,1,0,347.74,10,Low
3856,1,0,0,1,0,307.69,10,Low
3147,1,0,0,1,0,436.11,10,Low
2412,1,0,0,1,0,2129.52,10,Low
3238,1,0,0,1,0,1155.83,10,Low
2249,1,0,0,1,0,2778.68,10,Low
4574,1,0,0,1,0,2492.95,10,Low
3322,1,0,0,1,0,537.33,10,Low
2214,1,0,0,1,0,2150.21,10,Low
2752,1,0,0,1,0,2531.35,10,Low
2872,1,0,0,1,0,2972.32,10,Low
2769,1,0,0,1,0,1192.55,10,Low
2077,1,0,0,1,0,1390.05,10,Low
3406,1,0,0,1,0,1010.3,10,Low
2106,1,0,0,1,0,2780.69,10,Low
1881,1,0,0,1,0,2747.77,10,Low
1318,1,0,0,1,0,2277.5,10,Low
4654,1,0,0,1,0,489.6,10,Low
3110,1,0,0,1,0,773.89,10,Low
1445,1,0,0,1,0,738.28,10,Low
1363,1,0,0,1,0,2150.27,10,Low
3482,1,0,0,1,0,2961.76,10,Low
1274,1,0,0,1,0,2813.05,10,Low
2583,1,0,0,1,0,996.06,10,Low
3922,1,0,0,1,0,377.63,10,Low
3501,1,0,0,1,0,557.31,10,Low
2825,1,0,0,1,0,920.96,10,Low
2495,1,0,0,1,0,920.78,10,Low
4888,1,0,0,1,0,453.61,10,Low
4766,1,0,0,1,0,2712.62,10,Low
3800,1,0,0,1,0,149.7,10,Low
1708,2,0,0,1,0,2727.06,10,Low
4022,1,0,0,1,0,534.77,10,Low
2786,1,0,0,1,0,2610.65,10,Low
4068,1,0,0,1,0,1246.59,10,Low
3109,1,0,0,1,0,2530.16,10,Low
4278,1,0,0,1,0,614.66,10,Low
2075,1,0,0,1,0,347.42,10,Low
4471,1,0,0,1,0,972.65,10,Low
4319,1,0,0,1,0,1121.96,10,Low
4372,1,0,0,1,0,2354.61,10,Low
2936,1,0,0,1,0,529.31,10,Low
1150,1,0,0,1,0,2483.4,10,Low
1343,2,0,0,1,0,1778.17,10,Low
1538,1,0,0,1,0,395.2,10,Low
3831,1,0,0,1,0,2669.28,10,Low
2609,1,0,0,1,0,747.01,10,Low
1040,1,0,0,1,0,2912.25,10,Low
2814,1,0,0,1,0,557.94,10,Low
2117,1,0,0,1,0,1031.62,10,Low
3782,1,0,0,1,0,857.01,10,Low
3818,1,0,0,1,0,2295.94,10,Low
2325,1,0,0,1,0,2822.95,10,Low
4494,1,0,0,1,0,147.97,10,Low
4307,1,0,0,1,0,1383.71,10,Low
3539,1,0,0,1,0,1748.13,10,Low
4603,1,0,0,1,0,2948.44,10,Low
1959,1,0,0,1,0,179.08,10,Low
2222,1,0,0,1,0,2234.84,10,Low
4729,1,0,0,1,0,2689.34,10,Low
1849,1,0,0,1,0,179.61,10,Low
4405,1,0,0,1,0,744.83,10,Low
2891,1,0,0,1,0,599.56,10,Low
4167,1,0,0,1,0,1022.04,10,Low
1223,2,0,0,1,0,2636.5499999999997,10,Low
3617,1,0,0,1,0,2338.9,10,Low
1056,1,0,0,1,0,1508.0,10,Low
3631,1,0,0,1,0,2865.64,10,Low
1067,1,0,0,1,0,1542.29,10,Low
3641,1,0,0,1,0,1527.42,10,Low
4904,1,0,0,1,0,293.08,10,Low
3649,1,0,0,1,0,2487.95,10,Low
4813,1,0,0,1,0,223.42,10,Low
3651,1,0,0,1,0,317.45,10,Low
4843,1,0,0,1,0,2618.45,10,Low
3694,1,0,0,1,0,1962.44,10,Low
2126,1,0,0,1,0,2272.78,10,Low
3723,1,0,0,1,0,1093.01,10,Low
3736,1,0,0,1,0,578.15,10,Low
1086,1,0,0,1,0,2470.59,10,Low
1055,1,0,0,0,0,2834.33,0,Low
4893,1,0,0,0,0,926.44,0,Low
4910,1,0,0,0,0,1665.33,0,Low
2120,1,0,0,0,0,1940.15,0,Low
2146,1,0,0,0,0,1535.87,0,Low
1095,1,0,0,0,0,689.2,0,Low
1118,1,0,0,0,0,1734.68,0,Low
1051,1,0,0,0,0,2707.46,0,Low
1183,1,0,0,0,0,880.45,0,Low
1192,1,0,0,0,0,438.9,0,Low
1205,1,0,0,0,0,2785.34,0,Low
1218,1,0,0,0,0,1102.91,0,Low
4461,1,0,0,0,0,2406.42,0,Low
2028,1,0,0,0,0,1696.01,0,Low
4310,1,0,0,0,0,2095.19,0,Low
4401,1,0,0,0,0,424.79,0,Low
4409,1,0,0,0,0,810.73,0,Low
1995,1,0,0,0,0,376.41,0,Low
1266,1,0,0,0,0,2136.52,0,Low
4244,1,0,0,0,0,135.96,0,Low
1346,1,0,0,0,0,163.42,0,Low
4185,1,0,0,0,0,703.95,0,Low
4143,1,0,0,0,0,1156.18,0,Low
1306,1,0,0,0,0,496.09,0,Low
2303,1,0,0,0,0,843.13,0,Low
2333,1,0,0,0,0,2984.63,0,Low
2168,1,0,0,0,0,1346.35,0,Low
2210,1,0,0,0,0,758.47,0,Low
4007,1,0,0,0,0,2111.67,0,Low
4010,1,0,0,0,0,2442.19,0,Low
4090,1,0,0,0,0,1224.35,0,Low
4109,1,0,0,0,0,2000.23,0,Low
3916,1,0,0,0,0,2835.57,0,Low
1891,1,0,0,0,0,344.05,0,Low
1934,1,0,0,0,0,2378.54,0,Low
1947,1,0,0,0,0,1308.89,0,Low
3825,1,0,0,0,0,1564.67,0,Low
3847,1,0,0,0,0,2479.22,0,Low
2227,1,0,0,0,0,1430.25,0,Low
4582,1,0,0,0,0,21.55,0,Low
4592,1,0,0,0,0,841.63,0,Low
4597,1,0,0,0,0,1885.44,0,Low
4611,1,0,0,0,0,2198.37,0,Low
1128,1,0,0,0,0,60.44,0,Low
3786,1,0,0,0,0,428.72,0,Low
2424,1,0,0,0,0,980.86,0,Low
2443,1,0,0,0,0,1259.21,0,Low
2649,1,0,0,0,0,522.49,0,Low
1838,1,0,0,0,0,1443.68,0,Low
1471,1,0,0,0,0,1690.79,0,Low
1481,1,0,0,0,0,613.82,0,Low
1485,1,0,0,0,0,487.38,0,Low
1489,1,0,0,0,0,1217.35,0,Low
2559,1,0,0,0,0,1829.05,0,Low
2620,1,0,0,0,0,2151.35,0,Low
1441,1,0,0,0,0,663.75,0,Low
1449,1,0,0,0,0,2941.94,0,Low
1527,1,0,0,0,0,2657.09,0,Low
1875,1,0,0,0,0,990.32,0,Low
1165,1,0,0,0,0,2952.34,0,Low
3374,1,0,0,0,0,2741.16,0,Low
3390,1,0,0,0,0,1233.89,0,Low
3325,1,0,0,0,0,1440.89,0,Low
2712,1,0,0,0,0,1562.67,0,Low
2714,1,0,0,0,0,2290.63,0,Low
2745,1,0,0,0,0,1923.5,0,Low
1595,1,0,0,0,0,1639.26,0,Low
1645,1,0,0,0,0,2699.63,0,Low
3207,1,0,0,0,0,2636.3,0,Low
3267,1,0,0,0,0,2827.61,0,Low
3269,1,0,0,0,0,880.85,0,Low
3278,1,0,0,0,0,1522.72,0,Low
4676,1,0,0,0,0,644.54,0,Low
4703,1,0,0,0,0,2482.58,0,Low
4709,1,0,0,0,0,2185.91,0,Low
2803,1,0,0,0,0,597.12,0,Low
3104,1,0,0,0,0,964.27,0,Low
3137,1,0,0,0,0,1207.14,0,Low
3181,2,0,0,0,0,3177.61,0,Low
3188,1,0,0,0,0,591.39,0,Low
3060,1,0,0,0,0,530.83,0,Low
1814,1,0,0,0,0,92.17,0,Low
2901,1,0,0,0,0,1757.58,0,Low
2924,1,0,0,0,0,1686.13,0,Low
2931,1,0,0,0,0,1960.15,0,Low
2937,1,0,0,0,0,96.53,0,Low
1673,1,0,0,0,0,2987.16,0,Low
2815,1,0,0,0,0,274.51,0,Low
2851,1,0,0,0,0,1459.03,0,Low
4772,1,0,0,0,0,2047.73,0,Low
4777,1,0,0,0,0,2504.26,0,Low
4781,1,0,0,0,0,2943.96,0,Low
2088,1,0,0,0,0,525.04,0,Low
1020,1,0,0,0,0,2960.96,0,Low
1035,1,0,0,0,0,649.43,0,Low
4989,1,0,0,0,0,2998.31,0,Low
